[{"icon_src": "", "ancestor_ids": ["root"], "kind": "Topic", "contains": ["Topic", "Video", "Exercise"], "hide": false, "description": "Watch videos and practice your skills for almost any math subject.", "x_pos": 0, "node_slug": "math", "title": "Math", "child_data": [{"kind": "Topic", "id": "xb5feb28c"}, {"kind": "Topic", "id": "xc7f617f2"}, {"kind": "Topic", "id": "x5ec3eb59"}, {"kind": "Topic", "id": "xb830458a"}, {"kind": "Topic", "id": "x0267d782"}, {"kind": "Topic", "id": "x6b17ba59"}, {"kind": "Topic", "id": "x7c7044d7"}, {"kind": "Topic", "id": "x18ca194a"}, {"kind": "Topic", "id": "xb4832e56"}, {"kind": "Topic", "id": "xcf876fe7"}, {"kind": "Topic", "id": "x7fa91416"}, {"kind": "Topic", "id": "xff63fac4"}, {"kind": "Topic", "id": "xfa8fb333"}, {"kind": "Topic", "id": "xfefa5515"}, {"kind": "Topic", "id": "xa88397b6"}, {"kind": "Topic", "id": "x4d0dfd78"}, {"kind": "Topic", "id": "xe1762b67"}, {"kind": "Topic", "id": "x69d9be32"}, {"kind": "Topic", "id": "x786f2022"}, {"kind": "Topic", "id": "x2bf234e8"}, {"kind": "Topic", "id": "xe2ae19cb"}, {"kind": "Topic", "id": "x06f0ee4c"}, {"kind": "Topic", "id": "xe7bbd8fa"}, {"kind": "Topic", "id": "xdb59ef23"}, {"kind": "Topic", "id": "x04816c54"}, {"kind": "Topic", "id": "x13c66f39"}, {"kind": "Topic", "id": "x84ba7149"}], "render_type": "Domain", "slug": "math", "parent_id": "root", "path": "khan/math/", "id": "math", "topic_page_url": "/math", "extended_slug": "math", "in_knowledge_map": false, "children": [{"icon_src": "", "ancestor_ids": ["root", "math"], "slug": "early-math", "child_data": [{"kind": "Topic", "id": "x310ffe65"}, {"kind": "Topic", "id": "x314bd06e"}, {"kind": "Topic", "id": "xa2993d94"}, {"kind": "Topic", "id": "x853bca69"}, {"kind": "Topic", "id": "x54b9a662"}], "hide": false, "description": " ", "x_pos": 0, "node_slug": "early-math", "title": "Early math", "y_pos": 0, "contains": ["Topic", "Video", "Exercise"], "render_type": "Subject", "kind": "Topic", "id": "early-math", "parent_id": "math", "topic_page_url": "/math/early-math", "path": "khan/math/early-math/", "extended_slug": "math/early-math", "in_knowledge_map": false}, {"icon_src": "", "ancestor_ids": ["root", "math"], "slug": "arithmetic", "child_data": [{"kind": "Topic", "id": "x45f9dd34"}, {"kind": "Topic", "id": "xd096915e"}, {"kind": "Topic", "id": "xa359f5de"}, {"kind": "Topic", "id": "x80dafc21"}, {"kind": "Topic", "id": "xd47ef507"}, {"kind": "Topic", "id": "x60491111"}], "hide": false, "description": "The first math topic. Start here if you want to learn the basics (or just want to make sure you know these topics).", "x_pos": 0, "node_slug": "arithmetic", "title": "Arithmetic", "y_pos": 0, "contains": ["Topic", "Video", "Exercise"], "render_type": "Subject", "kind": "Topic", "id": "arithmetic", "parent_id": "math", "topic_page_url": "/math/arithmetic", "path": "khan/math/arithmetic/", "extended_slug": "math/arithmetic", "in_knowledge_map": false}, {"icon_src": "", "ancestor_ids": ["root", "math"], "slug": "pre-algebra", "child_data": [{"kind": "Topic", "id": "x8fd51ad5"}, {"kind": "Topic", "id": "x3b866d76"}, {"kind": "Topic", "id": "x76ac7fc5"}, {"kind": "Topic", "id": "xa64600f9"}, {"kind": "Topic", "id": "x596e2fc5"}, {"kind": "Topic", "id": "x88a3e8df"}, {"kind": "Topic", "id": "x900d9176"}, {"kind": "Topic", "id": "x910b651b"}, {"kind": "Topic", "id": "xc850a7c9"}], "hide": false, "description": "If you've mastered the basics of arithmetic and are ready to learn more about numbers and operations, you're in the right place!", "x_pos": 0, "node_slug": "pre-algebra", "title": "Pre-algebra", "y_pos": 0, "contains": ["Topic", "Video", "Exercise"], "render_type": "Subject", "kind": "Topic", "id": "pre-algebra", "parent_id": "math", "topic_page_url": "/math/pre-algebra", "path": "khan/math/pre-algebra/", "extended_slug": "math/pre-algebra", "in_knowledge_map": false}, {"icon_src": "", "ancestor_ids": ["root", "math"], "slug": "algebra", "child_data": [{"kind": "Topic", "id": "x73f542cc"}, {"kind": "Topic", "id": "x86a3d4b8"}, {"kind": "Topic", "id": "x468c6c9a"}, {"kind": "Topic", "id": "x95ee270d"}, {"kind": "Topic", "id": "xd6035bab"}, {"kind": "Topic", "id": "x3686c281"}, {"kind": "Topic", "id": "x46068850"}, {"kind": "Topic", "id": "x929e00f1"}, {"kind": "Topic", "id": "xe8002e2d"}, {"kind": "Topic", "id": "xdd7aa21f"}], "hide": false, "description": "Conceptual videos and worked examples from basic algebra.", "x_pos": 0, "node_slug": "algebra", "title": "Algebra I", "y_pos": 0, "contains": ["Topic", "Video", "Exercise"], "render_type": "Subject", "kind": "Topic", "id": "algebra", "parent_id": "math", "topic_page_url": "/math/algebra", "path": "khan/math/algebra/", "extended_slug": "math/algebra", "in_knowledge_map": false}, {"icon_src": "", "ancestor_ids": ["root", "math"], "slug": "basic-geo", "child_data": [{"kind": "Topic", "id": "xc901cc55"}, {"kind": "Topic", "id": "x76ede3f0"}, {"kind": "Topic", "id": "xc3464376"}, {"kind": "Topic", "id": "x33e1074b"}, {"kind": "Topic", "id": "x21322ad6"}, {"kind": "Topic", "id": "xf5635951"}, {"kind": "Topic", "id": "xa4cc3960"}, {"kind": "Topic", "id": "x74fd3000"}], "hide": false, "description": "", "x_pos": 0, "node_slug": "basic-geo", "title": "Basic geometry", "y_pos": 0, "contains": ["Topic", "Video", "Exercise"], "render_type": "Subject", "kind": "Topic", "id": "basic-geo", "parent_id": "math", "topic_page_url": "/math/basic-geo", "path": "khan/math/basic-geo/", "extended_slug": "math/basic-geo", "in_knowledge_map": false}, {"icon_src": "", "ancestor_ids": ["root", "math"], "slug": "geometry", "child_data": [{"kind": "Topic", "id": "x4a5fa9b1"}, {"kind": "Topic", "id": "x6ddff038"}, {"kind": "Topic", "id": "x7f4d2dc1"}, {"kind": "Topic", "id": "x3941da99"}, {"kind": "Topic", "id": "x9dc39988"}, {"kind": "Topic", "id": "x733a047e"}, {"kind": "Topic", "id": "x2b399649"}, {"kind": "Topic", "id": "x7ca5999e"}, {"kind": "Topic", "id": "xc6b8f425"}, {"kind": "Topic", "id": "xc8e66653"}, {"kind": "Topic", "id": "xaf60b762"}, {"kind": "Topic", "id": "x2b70434f"}, {"kind": "Topic", "id": "xc36c5d6b"}], "hide": false, "description": "This is a first year, high-school level course on Geometry (which is based on Euclid's elements).  It revisits many of the basic geometrical concepts studied in earlier courses, but addresses them with more mathematical rigor. There is strong focus on proving theorems and results from basic postulates.", "x_pos": 0, "node_slug": "geometry", "title": "Geometry", "y_pos": 0, "contains": ["Topic", "Video", "Exercise"], "render_type": "Subject", "kind": "Topic", "id": "geometry", "parent_id": "math", "topic_page_url": "/math/geometry", "path": "khan/math/geometry/", "extended_slug": "math/geometry", "in_knowledge_map": false}, {"icon_src": "", "ancestor_ids": ["root", "math"], "slug": "algebra2", "child_data": [{"kind": "Topic", "id": "x12c891d3"}, {"kind": "Topic", "id": "x624792a7"}, {"kind": "Topic", "id": "x5bd354c4"}, {"kind": "Topic", "id": "x5e2afacb"}, {"kind": "Topic", "id": "x7db461ca"}, {"kind": "Topic", "id": "x872c276b"}, {"kind": "Topic", "id": "x01b58215"}, {"kind": "Topic", "id": "xf380b814"}, {"kind": "Topic", "id": "xb61c639c"}, {"kind": "Topic", "id": "x67944405"}], "hide": false, "description": "Conceptual videos and worked examples from basic algebra through algebra 2. Includes videos from the former algebra worked examples playlists.", "x_pos": 0, "node_slug": "algebra2", "title": "Algebra II", "y_pos": 0, "contains": ["Topic", "Video", "Exercise"], "render_type": "Subject", "kind": "Topic", "id": "algebra2", "parent_id": "math", "topic_page_url": "/math/algebra2", "path": "khan/math/algebra2/", "extended_slug": "math/algebra2", "in_knowledge_map": false}, {"icon_src": "/images/power-mode/badges/trigonometry-40x40.png", "ancestor_ids": ["root", "math"], "slug": "trigonometry", "child_data": [{"kind": "Topic", "id": "x74f9f730"}, {"kind": "Topic", "id": "x36c957e4"}, {"kind": "Topic", "id": "xb1166488"}, {"kind": "Topic", "id": "x6c759222"}], "hide": false, "description": "Videos and exercises on trigonometry.  Watch the \"Geometry\" playlist first if you have trouble understanding the topics covered here.", "x_pos": -25.0, "node_slug": "trigonometry", "title": "Trigonometry", "y_pos": 49.0, "contains": ["Topic", "Video", "Exercise"], "render_type": "Subject", "kind": "Topic", "id": "trigonometry", "parent_id": "math", "topic_page_url": "/math/trigonometry", "path": "khan/math/trigonometry/", "extended_slug": "math/trigonometry", "in_knowledge_map": true}, {"icon_src": "/images/power-mode/badges/probability-40x40.png", "ancestor_ids": ["root", "math"], "slug": "probability", "child_data": [{"kind": "Topic", "id": "xd573b830"}, {"kind": "Topic", "id": "x9966d42b"}, {"kind": "Topic", "id": "x9f54cbb4"}, {"kind": "Topic", "id": "x7c5c47ff"}, {"kind": "Topic", "id": "x99ac8b9e"}, {"kind": "Topic", "id": "xea585073"}, {"kind": "Topic", "id": "x2a3773b2"}], "hide": false, "description": "", "x_pos": -1.0, "node_slug": "probability", "title": "Probability and statistics", "y_pos": 28.5, "contains": ["Topic", "Video", "Exercise"], "render_type": "Subject", "kind": "Topic", "id": "probability", "parent_id": "math", "topic_page_url": "/math/probability", "path": "khan/math/probability/", "extended_slug": "math/probability", "in_knowledge_map": true}, {"icon_src": "", "ancestor_ids": ["root", "math"], "slug": "precalculus", "child_data": [{"kind": "Topic", "id": "x8dd62d07"}, {"kind": "Topic", "id": "x6db71967"}, {"kind": "Topic", "id": "x2f0599c0"}, {"kind": "Topic", "id": "x1dd60c20"}, {"kind": "Topic", "id": "x1af1e2a6"}, {"kind": "Topic", "id": "xef1dc391"}, {"kind": "Topic", "id": "x3f5028ed"}, {"kind": "Topic", "id": "xccdba2de"}], "hide": false, "description": "", "x_pos": 0, "node_slug": "precalculus", "title": "Precalculus", "y_pos": 0, "contains": ["Topic", "Video", "Exercise"], "render_type": "Subject", "kind": "Topic", "id": "precalculus", "parent_id": "math", "topic_page_url": "/math/precalculus", "path": "khan/math/precalculus/", "extended_slug": "math/precalculus", "in_knowledge_map": false}, {"icon_src": "", "ancestor_ids": ["root", "math"], "slug": "differential-calculus", "child_data": [{"kind": "Topic", "id": "xb22c9a5f"}, {"kind": "Topic", "id": "x02f26269"}, {"kind": "Topic", "id": "xcc2c1257"}], "hide": false, "description": "", "x_pos": 0, "node_slug": "differential-calculus", "title": "Differential calculus", "y_pos": 0, "contains": ["Topic", "Video", "Exercise"], "render_type": "Subject", "kind": "Topic", "id": "differential-calculus", "parent_id": "math", "topic_page_url": "/math/differential-calculus", "path": "khan/math/differential-calculus/", "extended_slug": "math/differential-calculus", "in_knowledge_map": false}, {"icon_src": "", "ancestor_ids": ["root", "math"], "slug": "integral-calculus", "child_data": [{"kind": "Topic", "id": "xb640969d"}, {"kind": "Topic", "id": "x07443e9b"}, {"kind": "Topic", "id": "xa7f36ed3"}, {"kind": "Topic", "id": "xd5b0e615"}, {"kind": "Topic", "id": "x4a22631b"}], "hide": false, "description": "", "x_pos": 0, "node_slug": "integral-calculus", "title": "Integral calculus", "y_pos": 0, "contains": ["Topic", "Video", "Exercise"], "render_type": "Subject", "kind": "Topic", "id": "integral-calculus", "parent_id": "math", "topic_page_url": "/math/integral-calculus", "path": "khan/math/integral-calculus/", "extended_slug": "math/integral-calculus", "in_knowledge_map": false}, {"icon_src": "/images/power-mode/badges/differential-calculus-40x40.png", "ancestor_ids": ["root", "math"], "slug": "multivariable-calculus", "child_data": [{"kind": "Topic", "id": "x8bb6e75b"}, {"kind": "Topic", "id": "xa1e91d2e"}, {"kind": "Topic", "id": "x833b5150"}, {"kind": "Topic", "id": "xa3642b9a"}, {"kind": "Topic", "id": "x4231f1f9"}], "hide": false, "description": "Topics covered in the first two or three semesters of college calculus.  Everything from limits to derivatives to integrals to vector calculus. Should understand the topics in the pre-calculus playlist first (the limit videos are in both playlists)", "x_pos": -25.0, "node_slug": "multivariable-calculus", "title": "Multivariable calculus", "y_pos": 58.0, "contains": ["Topic", "Video"], "render_type": "Subject", "kind": "Topic", "id": "multivariable-calculus", "parent_id": "math", "topic_page_url": "/math/multivariable-calculus", "path": "khan/math/multivariable-calculus/", "extended_slug": "math/multivariable-calculus", "in_knowledge_map": true}, {"icon_src": "", "ancestor_ids": ["root", "math"], "slug": "differential-equations", "child_data": [{"kind": "Topic", "id": "xca838a83"}, {"kind": "Topic", "id": "xdd2c724f"}, {"kind": "Topic", "id": "xc75c5653"}], "hide": false, "description": "Topics covered in a first year course in differential equations.  Need to understand basic differentiation and integration from Calculus playlist before starting here.", "x_pos": 0, "node_slug": "differential-equations", "title": "Differential equations", "y_pos": 0, "contains": ["Topic", "Video"], "render_type": "Subject", "kind": "Topic", "id": "differential-equations", "parent_id": "math", "topic_page_url": "/math/differential-equations", "path": "khan/math/differential-equations/", "extended_slug": "math/differential-equations", "in_knowledge_map": false}, {"icon_src": "", "ancestor_ids": ["root", "math"], "slug": "linear-algebra", "child_data": [{"kind": "Topic", "id": "x5b1b89e0"}, {"kind": "Topic", "id": "x7a8cfdaa"}, {"kind": "Topic", "id": "xa2a6b742"}], "hide": false, "description": "Matrices, vectors, vector spaces, transformations, eigenvectors/values.  Covers all topics in a first year college linear algebra course.  This is an advanced course normally taken by science or engineering majors after taking at least two semesters of calculus (although calculus really isn't a prereq) so don't confuse this with regular high school algebra.", "x_pos": 0, "node_slug": "linear-algebra", "title": "Linear algebra", "y_pos": 0, "contains": ["Topic", "Video", "Exercise"], "render_type": "Subject", "kind": "Topic", "id": "linear-algebra", "parent_id": "math", "topic_page_url": "/math/linear-algebra", "path": "khan/math/linear-algebra/", "extended_slug": "math/linear-algebra", "in_knowledge_map": false}, {"icon_src": "", "ancestor_ids": ["root", "math"], "slug": "recreational-math", "child_data": [{"kind": "Topic", "id": "xf48ec4ac"}, {"kind": "Topic", "id": "x3eb9a450"}, {"kind": "Topic", "id": "xadc6d3a5"}], "hide": false, "description": "", "x_pos": 0, "node_slug": "recreational-math", "title": "Recreational math", "y_pos": 0, "contains": ["Topic", "Video", "Exercise"], "render_type": "Subject", "kind": "Topic", "id": "recreational-math", "parent_id": "math", "topic_page_url": "/math/recreational-math", "path": "khan/math/recreational-math/", "extended_slug": "math/recreational-math", "in_knowledge_map": false}, {"icon_src": "", "ancestor_ids": ["root", "math"], "slug": "competition-math", "child_data": [{"kind": "Topic", "id": "x822f1bfb"}, {"kind": "Topic", "id": "x214bc62e"}], "hide": false, "description": "Problems from prestigious American middle and high school competitions.", "x_pos": 0, "node_slug": "competition-math", "title": "Math contests", "y_pos": 0, "contains": ["Topic", "Video"], "render_type": "Subject", "kind": "Topic", "id": "competition-math", "parent_id": "math", "topic_page_url": "/math/competition-math", "path": "khan/math/competition-math/", "extended_slug": "math/competition-math", "in_knowledge_map": false}], "y_pos": 0}, {"icon_src": "", "ancestor_ids": ["root"], "kind": "Topic", "contains": ["Topic", "Video", "Exercise"], "hide": false, "description": "", "x_pos": 0, "node_slug": "science", "title": "Science", "child_data": [{"kind": "Topic", "id": "x324d1dcc"}, {"kind": "Topic", "id": "x4122fa5d"}, {"kind": "Topic", "id": "x822131fc"}, {"kind": "Topic", "id": "x1079cbfa"}, {"kind": "Topic", "id": "xcdef9704"}, {"kind": "Topic", "id": "x6e556f83"}, {"kind": "Topic", "id": "xedb305cc"}, {"kind": "Topic", "id": "xae887ec6"}, {"kind": "Topic", "id": "x8465d338"}], "render_type": "Domain", "slug": "science", "parent_id": "root", "path": "khan/science/", "id": "science", "topic_page_url": null, "extended_slug": "science", "in_knowledge_map": false, "children": [{"icon_src": "", "ancestor_ids": ["root", "science"], "slug": "biology", "child_data": [{"kind": "Topic", "id": "x434de875"}, {"kind": "Topic", "id": "x46f91fc6"}, {"kind": "Topic", "id": "x24442be2"}, {"kind": "Topic", "id": "xd0849fdb"}, {"kind": "Topic", "id": "xef180f38"}, {"kind": "Topic", "id": "xf3157fab"}, {"kind": "Topic", "id": "xf73fecc9"}, {"kind": "Topic", "id": "xb67ac68d"}, {"kind": "Topic", "id": "xc6bf9499"}, {"kind": "Topic", "id": "x72090540"}, {"kind": "Topic", "id": "xe4fe471b"}], "hide": false, "description": "Covers topics seen in a first year college or high school biology course.", "x_pos": 0, "node_slug": "biology", "title": "Biology", "y_pos": 0, "contains": ["Topic", "Video"], "render_type": "Subject", "kind": "Topic", "id": "biology", "parent_id": "science", "topic_page_url": "/science/biology", "path": "khan/science/biology/", "extended_slug": "science/biology", "in_knowledge_map": false}, {"icon_src": "", "ancestor_ids": ["root", "science"], "slug": "physics", "child_data": [{"kind": "Topic", "id": "x4549128e"}, {"kind": "Topic", "id": "xb32c33a3"}, {"kind": "Topic", "id": "x85860e19"}, {"kind": "Topic", "id": "xbb0e99c9"}, {"kind": "Topic", "id": "xbcbeda4a"}, {"kind": "Topic", "id": "x6e1d9254"}, {"kind": "Topic", "id": "x17c5da0a"}, {"kind": "Topic", "id": "x90a204f6"}, {"kind": "Topic", "id": "x2064840d"}, {"kind": "Topic", "id": "xacf207fb"}, {"kind": "Topic", "id": "x72fdbf87"}, {"kind": "Topic", "id": "xe0324853"}], "hide": false, "description": "Projectile motion, mechanics and electricity and magnetism.  Solid understanding of algebra and a basic understanding of trigonometry necessary.", "x_pos": 0, "node_slug": "physics", "title": "Physics", "y_pos": 0, "contains": ["Topic", "Video", "Exercise"], "render_type": "Subject", "kind": "Topic", "id": "physics", "parent_id": "science", "topic_page_url": "/science/physics", "path": "khan/science/physics/", "extended_slug": "science/physics", "in_knowledge_map": false}, {"icon_src": "/images/power-mode/badges/chemistry-40x40.png", "ancestor_ids": ["root", "science"], "slug": "chemistry", "child_data": [{"kind": "Topic", "id": "x7e37e2ee"}, {"kind": "Topic", "id": "x5247460c"}, {"kind": "Topic", "id": "x01c14bf5"}, {"kind": "Topic", "id": "x0046c0fa"}, {"kind": "Topic", "id": "x88901cc3"}, {"kind": "Topic", "id": "x33b4144d"}, {"kind": "Topic", "id": "xd62c9e8c"}, {"kind": "Topic", "id": "xb79ef290"}, {"kind": "Topic", "id": "x7013457b"}, {"kind": "Topic", "id": "xf2aa6ecc"}], "hide": false, "description": "Videos on chemistry (roughly covering a first-year high school or college course).", "x_pos": 18.0, "node_slug": "chemistry", "title": "Chemistry", "y_pos": 39.0, "contains": ["Topic", "Video", "Exercise"], "render_type": "Subject", "kind": "Topic", "id": "chemistry", "parent_id": "science", "topic_page_url": "/science/chemistry", "path": "khan/science/chemistry/", "extended_slug": "science/chemistry", "in_knowledge_map": false}, {"icon_src": "", "ancestor_ids": ["root", "science"], "slug": "organic-chemistry", "child_data": [{"kind": "Topic", "id": "x05fcddcb"}, {"kind": "Topic", "id": "xb32d9a90"}, {"kind": "Topic", "id": "x84cadce3"}, {"kind": "Topic", "id": "xf2909c8a"}, {"kind": "Topic", "id": "x00b805dc"}, {"kind": "Topic", "id": "x53149848"}, {"kind": "Topic", "id": "xa3d20bbd"}, {"kind": "Topic", "id": "x6b80168b"}, {"kind": "Topic", "id": "xa5a6b96a"}, {"kind": "Topic", "id": "x550a9280"}, {"kind": "Topic", "id": "xc8b79fc3"}, {"kind": "Topic", "id": "xc048e3d5"}, {"kind": "Topic", "id": "x56be16f4"}], "hide": false, "description": "Sal and Jay cover topics covered in college organic chemistry course.  Basic understanding of basic high school or college chemistry assumed (although there is some review).", "x_pos": 0, "node_slug": "organic-chemistry", "title": "Organic chemistry", "y_pos": 0, "contains": ["Topic", "Video"], "render_type": "Subject", "kind": "Topic", "id": "organic-chemistry", "parent_id": "science", "topic_page_url": "/science/organic-chemistry", "path": "khan/science/organic-chemistry/", "extended_slug": "science/organic-chemistry", "in_knowledge_map": false}, {"icon_src": "", "ancestor_ids": ["root", "science"], "slug": "cosmology-and-astronomy", "child_data": [{"kind": "Topic", "id": "xf5991d77"}, {"kind": "Topic", "id": "x0ba2bf5b"}, {"kind": "Topic", "id": "x860f890e"}, {"kind": "Topic", "id": "xc2dac31d"}], "hide": false, "description": "Videos attempting to grasp a little bit about our Universe (many of the topics associated with \"Big History\")", "x_pos": 0, "node_slug": "cosmology-and-astronomy", "title": "Cosmology and astronomy", "y_pos": 0, "contains": ["Topic", "Video"], "render_type": "Subject", "kind": "Topic", "id": "cosmology-and-astronomy", "parent_id": "science", "topic_page_url": "/science/cosmology-and-astronomy", "path": "khan/science/cosmology-and-astronomy/", "extended_slug": "science/cosmology-and-astronomy", "in_knowledge_map": false}, {"icon_src": "", "ancestor_ids": ["root", "science"], "slug": "health-and-medicine", "child_data": [{"kind": "Topic", "id": "xd26f1052"}, {"kind": "Topic", "id": "x4a2e781b"}, {"kind": "Topic", "id": "x7e1f1da3"}, {"kind": "Topic", "id": "x3ab6bf15"}, {"kind": "Topic", "id": "xc0eb445e"}, {"kind": "Topic", "id": "xd590f813"}, {"kind": "Topic", "id": "x087fd35e"}, {"kind": "Topic", "id": "xc2c4a896"}, {"kind": "Topic", "id": "x5dca0fcf"}, {"kind": "Topic", "id": "xe6b41d69"}, {"kind": "Topic", "id": "x9a21c60d"}, {"kind": "Topic", "id": "xb5ddd610"}, {"kind": "Topic", "id": "xcb978a6e"}, {"kind": "Topic", "id": "x1f8c66c8"}, {"kind": "Topic", "id": "x07fc128c"}, {"kind": "Topic", "id": "x069a1823"}, {"kind": "Topic", "id": "x02289e9d"}], "hide": false, "description": "The medical world can be a confusing place. Patients and their families might feel overwhelmed by the large vocabularies and complicated explanations they get from their health care providers. Students entering health care also struggle to grasp the complexity of health sciences, and are forced to memorize huge amounts of information. We hope to make understanding the medical world a bit easier. Look around!\n\nThese videos do not provide medical advice and are for informational purposes only. The videos are not intended to be a substitute for professional medical advice, diagnosis or treatment. Always seek the advice of a qualified health provider with any questions you may have\nregarding a medical condition. Never disregard professional medical advice or delay seeking it because of something you have read or seen in any Khan Academy video.", "x_pos": 0, "node_slug": "health-and-medicine", "title": "Health and medicine", "y_pos": 0, "contains": ["Topic", "Video", "Exercise"], "render_type": "Subject", "kind": "Topic", "id": "health-and-medicine", "parent_id": "science", "topic_page_url": "/science/health-and-medicine", "path": "khan/science/health-and-medicine/", "extended_slug": "science/health-and-medicine", "in_knowledge_map": false}, {"icon_src": "", "ancestor_ids": ["root", "science"], "slug": "discoveries-projects", "child_data": [{"kind": "Topic", "id": "xf830622e"}, {"kind": "Topic", "id": "xeb4f050d"}, {"kind": "Topic", "id": "x7f8a9b2b"}, {"kind": "Topic", "id": "x6714e769"}, {"kind": "Topic", "id": "xa34a0a49"}, {"kind": "Topic", "id": "x61d0199b"}, {"kind": "Topic", "id": "x3083cbfa"}, {"kind": "Topic", "id": "x3319f34f"}, {"kind": "Topic", "id": "x1ae73254"}], "hide": false, "description": "", "x_pos": 0, "node_slug": "discoveries-projects", "title": "Discoveries and projects", "y_pos": 0, "contains": ["Topic", "Video", "Exercise"], "render_type": "Subject", "kind": "Topic", "id": "discoveries-projects", "parent_id": "science", "topic_page_url": "/science/discoveries-projects", "path": "khan/science/discoveries-projects/", "extended_slug": "science/discoveries-projects", "in_knowledge_map": false}], "y_pos": 0}, {"icon_src": "", "ancestor_ids": ["root"], "kind": "Topic", "contains": ["Topic", "Video", "Exercise"], "hide": false, "description": "Microeconomics, macroeconomics, finance, accounting and capital markets.", "x_pos": 0, "node_slug": "economics-finance-domain", "title": "Economics and finance", "child_data": [{"kind": "Topic", "id": "xaacaf77b"}, {"kind": "Topic", "id": "xb796673d"}, {"kind": "Topic", "id": "x7b572fe4"}, {"kind": "Topic", "id": "xae2cab8b"}], "render_type": "Domain", "slug": "economics-finance-domain", "parent_id": "root", "path": "khan/economics-finance-domain/", "id": "economics-finance-domain", "topic_page_url": null, "extended_slug": "economics-finance-domain", "in_knowledge_map": false, "children": [{"icon_src": "", "ancestor_ids": ["root", "economics-finance-domain"], "slug": "microeconomics", "child_data": [{"kind": "Topic", "id": "x65e6dce0"}, {"kind": "Topic", "id": "x5ff8038a"}, {"kind": "Topic", "id": "x9446d66b"}, {"kind": "Topic", "id": "x7d52cd8b"}, {"kind": "Topic", "id": "x6eb7f0af"}, {"kind": "Topic", "id": "x4e921a04"}, {"kind": "Topic", "id": "x98f0ee09"}], "hide": false, "description": "Topics covered in a traditional college level introductory microeconomics course", "x_pos": 0, "node_slug": "microeconomics", "title": "Microeconomics", "y_pos": 0, "contains": ["Topic", "Video"], "render_type": "Subject", "kind": "Topic", "id": "microeconomics", "parent_id": "economics-finance-domain", "topic_page_url": "/economics-finance-domain/microeconomics", "path": "khan/economics-finance-domain/microeconomics/", "extended_slug": "economics-finance-domain/microeconomics", "in_knowledge_map": false}, {"icon_src": "", "ancestor_ids": ["root", "economics-finance-domain"], "slug": "macroeconomics", "child_data": [{"kind": "Topic", "id": "x9609cd6e"}, {"kind": "Topic", "id": "xde55f2b6"}, {"kind": "Topic", "id": "x5a26f530"}, {"kind": "Topic", "id": "xba092826"}, {"kind": "Topic", "id": "x9bf02cd2"}, {"kind": "Topic", "id": "xc30c12c0"}], "hide": false, "description": "Topics covered in a traditional college level introductory macroeconomics course", "x_pos": 0, "node_slug": "macroeconomics", "title": "Macroeconomics", "y_pos": 0, "contains": ["Topic", "Video"], "render_type": "Subject", "kind": "Topic", "id": "macroeconomics", "parent_id": "economics-finance-domain", "topic_page_url": "/economics-finance-domain/macroeconomics", "path": "khan/economics-finance-domain/macroeconomics/", "extended_slug": "economics-finance-domain/macroeconomics", "in_knowledge_map": false}, {"icon_src": "", "ancestor_ids": ["root", "economics-finance-domain"], "slug": "core-finance", "child_data": [{"kind": "Topic", "id": "xb9498306"}, {"kind": "Topic", "id": "x1f4c64fb"}, {"kind": "Topic", "id": "xc29ba30c"}, {"kind": "Topic", "id": "x3fcefa26"}, {"kind": "Topic", "id": "xc788cc9a"}, {"kind": "Topic", "id": "xf81b84d6"}, {"kind": "Topic", "id": "x7568a183"}, {"kind": "Topic", "id": "xc1e8c32f"}, {"kind": "Topic", "id": "xcbcda7d7"}, {"kind": "Topic", "id": "x8c96df53"}], "hide": false, "description": "Videos on finance and macroeconomics", "x_pos": 0, "node_slug": "core-finance", "title": "Finance and capital markets", "y_pos": 0, "contains": ["Topic", "Video", "Exercise"], "render_type": "Subject", "kind": "Topic", "id": "core-finance", "parent_id": "economics-finance-domain", "topic_page_url": "/economics-finance-domain/core-finance", "path": "khan/economics-finance-domain/core-finance/", "extended_slug": "economics-finance-domain/core-finance", "in_knowledge_map": false}, {"icon_src": "", "ancestor_ids": ["root", "economics-finance-domain"], "slug": "entrepreneurship2", "child_data": [{"kind": "Topic", "id": "x4fc8c4e3"}], "hide": false, "description": "", "x_pos": 0, "node_slug": "entrepreneurship2", "title": "Entrepreneurship", "y_pos": 0, "contains": ["Topic", "Video"], "render_type": "Subject", "kind": "Topic", "id": "entrepreneurship2", "parent_id": "economics-finance-domain", "topic_page_url": "/economics-finance-domain/entrepreneurship2", "path": "khan/economics-finance-domain/entrepreneurship2/", "extended_slug": "economics-finance-domain/entrepreneurship2", "in_knowledge_map": false}], "y_pos": 0}, {"icon_src": "", "ancestor_ids": ["root"], "kind": "Topic", "contains": ["Topic", "Video", "Exercise"], "hide": false, "description": "", "x_pos": 0, "node_slug": "humanities", "title": "Arts and humanities", "child_data": [{"kind": "Topic", "id": "x66f79d8a"}, {"kind": "Topic", "id": "x15c3149c"}, {"kind": "Topic", "id": "x5b5703c9"}, {"kind": "Topic", "id": "x5dad6980"}, {"kind": "Topic", "id": "x23dc2cae"}, {"kind": "Topic", "id": "x082c798e"}, {"kind": "Topic", "id": "x7e1ef7a0"}, {"kind": "Topic", "id": "x7e914f5b"}, {"kind": "Topic", "id": "x4b0eb531"}, {"kind": "Topic", "id": "xa6688040"}, {"kind": "Topic", "id": "xbcdaeeee"}, {"kind": "Topic", "id": "x4910f52e"}, {"kind": "Topic", "id": "x247213a3"}, {"kind": "Topic", "id": "x9020ac79"}, {"kind": "Topic", "id": "x97ec695a"}, {"kind": "Topic", "id": "xf20f462f"}, {"kind": "Topic", "id": "xdc974a79"}], "render_type": "Domain", "slug": "humanities", "parent_id": "root", "path": "khan/humanities/", "id": "humanities", "topic_page_url": null, "extended_slug": "humanities", "in_knowledge_map": false, "children": [{"icon_src": "", "ancestor_ids": ["root", "humanities"], "slug": "history", "child_data": [{"kind": "Topic", "id": "xf121c1dc"}, {"kind": "Topic", "id": "xbb820063"}, {"kind": "Topic", "id": "xeb4863fd"}, {"kind": "Topic", "id": "x5b63dd0b"}, {"kind": "Topic", "id": "x8d361957"}, {"kind": "Topic", "id": "x0880bce4"}, {"kind": "Topic", "id": "x9c10963b"}, {"kind": "Topic", "id": "x55627c92"}], "hide": false, "description": "The history of the world (eventually)!", "x_pos": 0, "node_slug": "history", "title": "History", "y_pos": 0, "contains": ["Topic", "Video", "Exercise"], "render_type": "Subject", "kind": "Topic", "id": "history", "parent_id": "humanities", "topic_page_url": "/humanities/history", "path": "khan/humanities/history/", "extended_slug": "humanities/history", "in_knowledge_map": false}, {"icon_src": "", "ancestor_ids": ["root", "humanities"], "slug": "american-civics-subject", "child_data": [{"kind": "Topic", "id": "xd23db0ab"}], "hide": false, "description": "Videos about how government works in the United States.", "x_pos": 0, "node_slug": "american-civics-subject", "title": "American civics", "y_pos": 0, "contains": ["Topic", "Video"], "render_type": "Subject", "kind": "Topic", "id": "american-civics-subject", "parent_id": "humanities", "topic_page_url": "/humanities/american-civics-subject", "path": "khan/humanities/american-civics-subject/", "extended_slug": "humanities/american-civics-subject", "in_knowledge_map": false}, {"icon_src": "", "ancestor_ids": ["root", "humanities"], "slug": "music", "child_data": [{"kind": "Topic", "id": "x64497fc7"}, {"kind": "Topic", "id": "xed0efcdc"}, {"kind": "Topic", "id": "x508b6924"}], "hide": false, "description": "An exploration of classical music as a living tradition. Top orchestral players from across the United States meet once-a-year in New York as the All-Star Orchestra to record masterpieces and new works with Music Director Gerard Schwarz. Come behind the scenes, meet the musicians, attend an open rehearsal, gain a conductor's perspective, and have a first-person encounter with the music.", "x_pos": 0, "node_slug": "music", "title": "Music", "y_pos": 0, "contains": ["Topic", "Video"], "render_type": "Subject", "kind": "Topic", "id": "music", "parent_id": "humanities", "topic_page_url": "/humanities/music", "path": "khan/humanities/music/", "extended_slug": "humanities/music", "in_knowledge_map": false}, {"icon_src": "", "ancestor_ids": ["root", "humanities"], "slug": "art-history-basics", "child_data": [{"kind": "Topic", "id": "x20488a2b"}, {"kind": "Topic", "id": "xa1598fb7"}, {"kind": "Topic", "id": "x040d2ae2"}], "hide": false, "description": "We understand the history of humanity through art. From prehistoric depictions of woolly mammoths to contemporary abstraction, artists have addressed their time and place in history and have expressed universal human truths for tens of thousands of years. Learn what made Rome great, how Islamic tile work evolved, why the Renaissance happened, and about the brilliant art being produced today around the globe. Dr. Beth Harris and Dr. Steven Zucker of Smarthistory together with leading art historians, and our museum partners have created hundreds of short engaging conversational videos and articles, making Khan Academy one of the most accessible and extensive resources for the study of the history of art.", "x_pos": 0, "node_slug": "art-history-basics", "title": "Art history basics", "y_pos": 0, "contains": ["Topic", "Video", "Exercise"], "render_type": "Subject", "kind": "Topic", "id": "art-history-basics", "parent_id": "humanities", "topic_page_url": "/humanities/art-history-basics", "path": "khan/humanities/art-history-basics/", "extended_slug": "humanities/art-history-basics", "in_knowledge_map": false}, {"icon_src": "", "ancestor_ids": ["root", "humanities"], "slug": "prehistoric-art", "child_data": [{"kind": "Topic", "id": "x2f99ebba"}, {"kind": "Topic", "id": "x87739bef"}, {"kind": "Topic", "id": "xd631e3e3"}], "hide": false, "description": "You\u2019ve seen the drawing of human evolution showing a procession of monkey, ape, primitive and modern man? Well, somewhere along that line early man could be shown holding a paint brush and a chisel. Mankind has been making art for at least 100,000 years. Why was the earliest art made? What might it have once meant? Prehistoric refers to a time before writing, which makes these questions particularly difficult to answer, but fascinating to contemplate. Dr. Beth Harris and Dr. Steven Zucker of Smarthistory together with leading art historians, and our museum partners have created hundreds of short engaging conversational videos and articles, making Khan Academy one of the most accessible and extensive resources for the study of the history of art.", "x_pos": 0, "node_slug": "prehistoric-art", "title": "Prehistoric art", "y_pos": 0, "contains": ["Topic", "Video", "Exercise"], "render_type": "Subject", "kind": "Topic", "id": "prehistoric-art", "parent_id": "humanities", "topic_page_url": "/humanities/prehistoric-art", "path": "khan/humanities/prehistoric-art/", "extended_slug": "humanities/prehistoric-art", "in_knowledge_map": false}, {"icon_src": "", "ancestor_ids": ["root", "humanities"], "slug": "ancient-art-civilizations", "child_data": [{"kind": "Topic", "id": "xd3501f68"}, {"kind": "Topic", "id": "x10169e6f"}, {"kind": "Topic", "id": "x31787f7b"}, {"kind": "Topic", "id": "x36bc4536"}, {"kind": "Topic", "id": "x259210e3"}, {"kind": "Topic", "id": "x080dcdf9"}, {"kind": "Topic", "id": "x9b53486d"}, {"kind": "Topic", "id": "x40d9b61f"}, {"kind": "Topic", "id": "xf964b6b0"}], "hide": false, "description": "\nDr. Beth Harris and Dr. Steven Zucker of Smarthistory together with leading art historians, and our museum partners have created hundreds of short engaging conversational videos and articles, making Khan Academy one of the most accessible and extensive resources for the study of the history of art.", "x_pos": 0, "node_slug": "ancient-art-civilizations", "title": "Ancient art and civilizations", "y_pos": 0, "contains": ["Topic", "Video", "Exercise"], "render_type": "Subject", "kind": "Topic", "id": "ancient-art-civilizations", "parent_id": "humanities", "topic_page_url": "/humanities/ancient-art-civilizations", "path": "khan/humanities/ancient-art-civilizations/", "extended_slug": "humanities/ancient-art-civilizations", "in_knowledge_map": false}, {"icon_src": "", "ancestor_ids": ["root", "humanities"], "slug": "medieval-world", "child_data": [{"kind": "Topic", "id": "x1a0b281c"}, {"kind": "Topic", "id": "xebb9870d"}, {"kind": "Topic", "id": "xf8d33f1e"}, {"kind": "Topic", "id": "xefbfc4e0"}], "hide": false, "description": "Petrarch believed that the Dark Ages was a period of intellectual decline due to the loss of the classical learning. But characterizing the Middle Ages as a period of darkness falling between two brighter, more intellectually significant periods in history is misleading. It is inaccurate to portray the Middle Ages as a time of ignorance and backwardness. This was the period during which Christianity first flourished in Europe. Christianity, and specifically Catholicism in the Latin West, brought with it new ways of seeing the world while often rejecting the traditions and learning of the ancient world. Dr. Beth Harris and Dr. Steven Zucker of Smarthistory together with leading art historians, and our museum partners have created hundreds of short engaging conversational videos and articles, making Khan Academy one of the most accessible and extensive resources for the study of the history of art.", "x_pos": 0, "node_slug": "medieval-world", "title": "Medieval Europe", "y_pos": 0, "contains": ["Topic", "Video", "Exercise"], "render_type": "Subject", "kind": "Topic", "id": "medieval-world", "parent_id": "humanities", "topic_page_url": "/humanities/medieval-world", "path": "khan/humanities/medieval-world/", "extended_slug": "humanities/medieval-world", "in_knowledge_map": false}, {"icon_src": "", "ancestor_ids": ["root", "humanities"], "slug": "renaissance-reformation", "child_data": [{"kind": "Topic", "id": "x7dad4bed"}, {"kind": "Topic", "id": "x5a42d605"}, {"kind": "Topic", "id": "xd77c8847"}, {"kind": "Topic", "id": "xa12f6723"}, {"kind": "Topic", "id": "xe9acac90"}, {"kind": "Topic", "id": "xa2c8a483"}], "hide": false, "description": "In part, the Renaissance was a rebirth of interest in ancient Greek and Roman culture. It was also a period of economic prosperity in Europe\u2014particularly in Italy and in Northern Europe. In art history, we study both the Italian Renaissance and the Northern Renaissance. In 1517 a German theologian and monk, Martin Luther, challenged the authority of the Pope and sparked the Protestant Reformation. By challenging the power of the Church, and asserting the authority of individual conscience, the Reformation laid the foundation for the value that modern culture places on the individual. Dr. Beth Harris and Dr. Steven Zucker of Smarthistory together with leading art historians, and our museum partners have created hundreds of short engaging conversational videos and articles, making Khan Academy one of the most accessible and extensive resources for the study of the history of art.", "x_pos": 0, "node_slug": "renaissance-reformation", "title": "Renaissance and Reformation", "y_pos": 0, "contains": ["Topic", "Video", "Exercise"], "render_type": "Subject", "kind": "Topic", "id": "renaissance-reformation", "parent_id": "humanities", "topic_page_url": "/humanities/renaissance-reformation", "path": "khan/humanities/renaissance-reformation/", "extended_slug": "humanities/renaissance-reformation", "in_knowledge_map": false}, {"icon_src": "", "ancestor_ids": ["root", "humanities"], "slug": "monarchy-enlightenment", "child_data": [{"kind": "Topic", "id": "x20767ed8"}, {"kind": "Topic", "id": "xd08c262e"}, {"kind": "Topic", "id": "xf9813705"}, {"kind": "Topic", "id": "xef336b54"}, {"kind": "Topic", "id": "x43a90310"}], "hide": false, "description": "The monarchs of Europe embraced the most ornate elements of 17th-century art. Rulers invested vast resources on elaborate church facades, stunning, gold-covered chapels and strikingly-realistic painting and sculpture. While in the newly independent Dutch Republic, a market emerged to meet the Protestant tastes of the growing merchant class. By the 18th century, Voltaire, Rousseau and other intellectuals had put forward Enlightenment ideas that would spark an age of revolution and usher in the modern world. Dr. Beth Harris and Dr. Steven Zucker of Smarthistory together with leading art historians, and our museum partners have created hundreds of short engaging conversational videos and articles, making Khan Academy one of the most accessible and extensive resources for the study of the history of art.", "x_pos": 0, "node_slug": "monarchy-enlightenment", "title": "Monarchy and enlightenment", "y_pos": 0, "contains": ["Topic", "Video", "Exercise"], "render_type": "Subject", "kind": "Topic", "id": "monarchy-enlightenment", "parent_id": "humanities", "topic_page_url": "/humanities/monarchy-enlightenment", "path": "khan/humanities/monarchy-enlightenment/", "extended_slug": "humanities/monarchy-enlightenment", "in_knowledge_map": false}, {"icon_src": "", "ancestor_ids": ["root", "humanities"], "slug": "becoming-modern", "child_data": [{"kind": "Topic", "id": "x2b736673"}, {"kind": "Topic", "id": "x1c87ca3f"}, {"kind": "Topic", "id": "xd7a97249"}, {"kind": "Topic", "id": "xbbfcbdef"}, {"kind": "Topic", "id": "x9d6d984e"}, {"kind": "Topic", "id": "xa5f779e9"}, {"kind": "Topic", "id": "xb4051a3d"}], "hide": false, "description": "People use the term \u201cmodern\u201d in a variety of ways, often very loosely, with a lot of implied associations of new, contemporary, up-to-date, and technological. We know the difference between a modern society and our less advanced past and it usually has less to do with art and more to do with technology and industrial progress, things like indoor plumbing, easy access to consumer goods, freedom of expression, and voting rights. In the nineteenth century, steam-powered machines and unskilled laborers in factories began to replace skilled artisans. London, Paris, and New York led the unprecedented population growth of cities during this period, as people moved from the countryside or emigrated to find a higher standard of living. Dr. Beth Harris and Dr. Steven Zucker of Smarthistory together with leading art historians, and our museum partners have created hundreds of short engaging conversational videos and articles, making Khan Academy one of the most accessible and extensive resources for the study of the history of art.", "x_pos": 0, "node_slug": "becoming-modern", "title": "Becoming modern", "y_pos": 0, "contains": ["Topic", "Video", "Exercise"], "render_type": "Subject", "kind": "Topic", "id": "becoming-modern", "parent_id": "humanities", "topic_page_url": "/humanities/becoming-modern", "path": "khan/humanities/becoming-modern/", "extended_slug": "humanities/becoming-modern", "in_knowledge_map": false}, {"icon_src": "", "ancestor_ids": ["root", "humanities"], "slug": "global-culture", "child_data": [{"kind": "Topic", "id": "x9aee03fc"}, {"kind": "Topic", "id": "x541c2504"}, {"kind": "Topic", "id": "x967b0ee4"}, {"kind": "Topic", "id": "x834bc2e2"}, {"kind": "Topic", "id": "x40379106"}, {"kind": "Topic", "id": "x4f0429b0"}, {"kind": "Topic", "id": "xa0dc95b3"}, {"kind": "Topic", "id": "x8af0c4f8"}, {"kind": "Topic", "id": "x2529666a"}, {"kind": "Topic", "id": "x209da924"}, {"kind": "Topic", "id": "xe38a033d"}, {"kind": "Topic", "id": "xec717cd7"}], "hide": false, "description": "This is the era of \"isms.\" Fauvism, Expressionism, Cubism, Rayonism, Orphism, Surrealism, Abstract Expressionism and there are more. The avant-garde is unleashed in the 20th century and explores both abstraction and representation as a means to \"represent\" the radical changes, violence, alienation, and beauty that characterize the century. Dr. Beth Harris and Dr. Steven Zucker of Smarthistory together with leading art historians, and our museum partners have created hundreds of short engaging conversational videos and articles, making Khan Academy one of the most accessible and extensive resources for the study of the history of art.", "x_pos": 0, "node_slug": "global-culture", "title": "Toward a global culture", "y_pos": 0, "contains": ["Topic", "Video", "Exercise"], "render_type": "Subject", "kind": "Topic", "id": "global-culture", "parent_id": "humanities", "topic_page_url": "/humanities/global-culture", "path": "khan/humanities/global-culture/", "extended_slug": "humanities/global-culture", "in_knowledge_map": false}, {"icon_src": "", "ancestor_ids": ["root", "humanities"], "slug": "art-islam", "child_data": [{"kind": "Topic", "id": "x1bb7590d"}, {"kind": "Topic", "id": "xee0c2ae8"}, {"kind": "Topic", "id": "x680acc84"}, {"kind": "Topic", "id": "xfa2d5fe7"}, {"kind": "Topic", "id": "x14edcb99"}], "hide": false, "description": "Studying the Art of the Islamic world is challenging, partially because of the large geographic and chronological scope of Islam. Islam has been a major religion and cultural force for over fourteen centuries and continues to be so today. At present the Arts of the Islamic World Section is organized into three chronological periods: Early, Medieval and Late. These chronological divisions are modern creations that help scholars to organize information and works of art to interpret them better. Dr. Beth Harris and Dr. Steven Zucker of Smarthistory together with leading art historians, and our museum partners have created hundreds of short engaging conversational videos and articles, making Khan Academy one of the most accessible and extensive resources for the study of the history of art.", "x_pos": 0, "node_slug": "art-islam", "title": "Arts of the Islamic world", "y_pos": 0, "contains": ["Topic", "Video", "Exercise"], "render_type": "Subject", "kind": "Topic", "id": "art-islam", "parent_id": "humanities", "topic_page_url": "/humanities/art-islam", "path": "khan/humanities/art-islam/", "extended_slug": "humanities/art-islam", "in_knowledge_map": false}, {"icon_src": "", "ancestor_ids": ["root", "humanities"], "slug": "art-asia", "child_data": [{"kind": "Topic", "id": "x18af94a5"}, {"kind": "Topic", "id": "x7260fba4"}, {"kind": "Topic", "id": "x77e41fc0"}, {"kind": "Topic", "id": "xe04f3365"}], "hide": false, "description": "This section looks at the art and cultures of Imperial China (for ancient China please see the section, \"Ancient Art and Civilizations\" above), Hindu and Buddhist from South Asia, the great temple and palace complexes of Southeast Asia, and the art and architecture of Korea and Japan. Dr. Beth Harris and Dr. Steven Zucker of Smarthistory together with leading art historians, and our museum partners have created hundreds of short engaging conversational videos and articles, making Khan Academy one of the most accessible and extensive resources for the study of the history of art.", "x_pos": 0, "node_slug": "art-asia", "title": "South and East Asia", "y_pos": 0, "contains": ["Topic", "Video"], "render_type": "Subject", "kind": "Topic", "id": "art-asia", "parent_id": "humanities", "topic_page_url": "/humanities/art-asia", "path": "khan/humanities/art-asia/", "extended_slug": "humanities/art-asia", "in_knowledge_map": false}, {"icon_src": "", "ancestor_ids": ["root", "humanities"], "slug": "art-africa-oceania-americas", "child_data": [{"kind": "Topic", "id": "x18c52963"}, {"kind": "Topic", "id": "x4e65150c"}, {"kind": "Topic", "id": "x1e7b3c43"}, {"kind": "Topic", "id": "x24a97faa"}, {"kind": "Topic", "id": "xebec7068"}], "hide": false, "description": "Explore the vast diversity of arts and cultures of the indigenous peoples of Africa, Oceania, and the Americas. Dr. Beth Harris and Dr. Steven Zucker of Smarthistory together with leading art historians, and our museum partners have created hundreds of short engaging conversational videos and articles, making Khan Academy one of the most accessible and extensive resources for the study of the history of art.", "x_pos": 0, "node_slug": "art-africa-oceania-americas", "title": "Africa, Oceania, and the indigenous Americas", "y_pos": 0, "contains": ["Topic", "Video"], "render_type": "Subject", "kind": "Topic", "id": "art-africa-oceania-americas", "parent_id": "humanities", "topic_page_url": "/humanities/art-africa-oceania-americas", "path": "khan/humanities/art-africa-oceania-americas/", "extended_slug": "humanities/art-africa-oceania-americas", "in_knowledge_map": false}, {"icon_src": "", "ancestor_ids": ["root", "humanities"], "slug": "art-1010", "child_data": [{"kind": "Topic", "id": "x310cbf1e"}], "hide": false, "description": "Find here an engaging animated video series that introduces a history of western art from the ancient world to the present starring, Art and the Hand!", "x_pos": 0, "node_slug": "art-1010", "title": "A brief animated guide to the history of Western art", "y_pos": 0, "contains": ["Topic", "Video"], "render_type": "Subject", "kind": "Topic", "id": "art-1010", "parent_id": "humanities", "topic_page_url": "/humanities/art-1010", "path": "khan/humanities/art-1010/", "extended_slug": "humanities/art-1010", "in_knowledge_map": false}], "y_pos": 0}, {"icon_src": "", "ancestor_ids": ["root"], "kind": "Topic", "contains": ["Topic", "Video", "Exercise"], "hide": false, "description": "", "x_pos": 0, "node_slug": "computing", "title": "Computing", "child_data": [{"kind": "Topic", "id": "xffde7c31"}, {"kind": "Topic", "id": "x301707a0"}], "render_type": "Domain", "slug": "computing", "parent_id": "root", "path": "khan/computing/", "id": "computing", "topic_page_url": null, "extended_slug": "computing", "in_knowledge_map": false, "children": [{"icon_src": "", "ancestor_ids": ["root", "computing"], "slug": "computer-science", "child_data": [{"kind": "Topic", "id": "x48c910b6"}, {"kind": "Topic", "id": "x4dca6357"}, {"kind": "Topic", "id": "x3b93f104"}, {"kind": "Topic", "id": "x4cd91b0c"}], "hide": false, "description": "Learn select topics from computer science - cryptography (how we protect secret information) and information theory (how we encode and compress information).", "x_pos": 0, "node_slug": "computer-science", "title": "Cryptography & information theory", "y_pos": 0, "contains": ["Topic", "Video", "Exercise"], "render_type": "Subject", "kind": "Topic", "id": "computer-science", "parent_id": "computing", "topic_page_url": "/computing/computer-science", "path": "khan/computing/computer-science/", "extended_slug": "computing/computer-science", "in_knowledge_map": false}], "y_pos": 0}, {"icon_src": "", "ancestor_ids": ["root"], "kind": "Topic", "contains": ["Topic", "Video", "Exercise"], "hide": false, "description": " ", "x_pos": 0, "node_slug": "test-prep", "title": "Test prep", "child_data": [{"kind": "Topic", "id": "x0a8c2e5f"}, {"kind": "Topic", "id": "x04f6bc56"}, {"kind": "Topic", "id": "xaa2aeda9"}, {"kind": "Topic", "id": "xa0e62ca2"}, {"kind": "Topic", "id": "x1a6b3c6f"}, {"kind": "Topic", "id": "x638449e3"}, {"kind": "Topic", "id": "x2b82c5c4"}, {"kind": "Topic", "id": "x580c28a8"}, {"kind": "Topic", "id": "x5be34230"}], "render_type": "Domain", "slug": "test-prep", "parent_id": "root", "path": "khan/test-prep/", "id": "test-prep", "topic_page_url": null, "extended_slug": "test-prep", "in_knowledge_map": false, "children": [{"icon_src": "", "ancestor_ids": ["root", "test-prep"], "slug": "sat", "child_data": [{"kind": "Topic", "id": "x8b830bff"}, {"kind": "Topic", "id": "x0d517473"}, {"kind": "Topic", "id": "xc5726ef1"}, {"kind": "Topic", "id": "xbe39d41a"}, {"kind": "Topic", "id": "x6f141efa"}, {"kind": "Topic", "id": "x9cc35cb0"}, {"kind": "Topic", "id": "x8874e3c0"}, {"kind": "Topic", "id": "xf3ff453b"}, {"kind": "Topic", "id": "xef8f6749"}, {"kind": "Topic", "id": "xc8aa1bad"}, {"kind": "Topic", "id": "xcaf631a9"}, {"kind": "Topic", "id": "xb656a123"}, {"kind": "Topic", "id": "x2cc75188"}, {"kind": "Topic", "id": "x8cb799e4"}, {"kind": "Topic", "id": "xa142ef20"}], "hide": false, "description": "If you\u2019re taking the SAT soon, you can start preparing today with questions from real SATs. After all, we believe all students who want to go to college should be able to prepare for the SAT at their own pace, at absolutely no cost. \n\nDownload a real, full-length SAT practice test, watch Sal work through real SAT problems, and get even more practice using our interactive exercises, which feature tons of previously-unreleased problems from real SATs grouped by topic and difficulty level.\n\nIf you feel like you need to brush up on fundamentals, check out the Algebra mission, which will help you master core concepts covered on the SAT, in college, and beyond at your own pace.\n\nIf you\u2019re taking the SAT in 2016 or later, we have even more exciting news for you. The College Board just announced that they\u2019re redesigning the SAT for 2016, and we\u2019re partnering with them to make free, world-class prep materials. By spring 2015, you\u2019ll have access to state-of-the-art learning tools--exercises, software diagnostics and videos--designed by Khan Academy and College Board specifically for the redesigned SAT. Stay tuned! ", "x_pos": 0, "node_slug": "sat", "title": "SAT", "y_pos": 0, "contains": ["Topic", "Video", "Exercise"], "render_type": "Subject", "kind": "Topic", "id": "sat", "parent_id": "test-prep", "topic_page_url": "/test-prep/sat", "path": "khan/test-prep/sat/", "extended_slug": "test-prep/sat", "in_knowledge_map": false}, {"icon_src": "", "ancestor_ids": ["root", "test-prep"], "slug": "mcat", "child_data": [{"kind": "Topic", "id": "x64cd6a63"}, {"kind": "Topic", "id": "x6ceb02de"}, {"kind": "Topic", "id": "xe32cf3b7"}, {"kind": "Topic", "id": "xf75fcd0c"}, {"kind": "Topic", "id": "xed868407"}, {"kind": "Topic", "id": "xffad9795"}, {"kind": "Topic", "id": "xab69e2b0"}, {"kind": "Topic", "id": "xa7e68c2d"}, {"kind": "Topic", "id": "x0054fc82"}, {"kind": "Topic", "id": "x0ec6ab0d"}, {"kind": "Topic", "id": "x6a06eaee"}, {"kind": "Topic", "id": "x967db583"}, {"kind": "Topic", "id": "xfee83fcc"}], "hide": false, "description": "This collection is being developed for the revised MCAT\u00ae exam that will first be administered in spring 2015. Videos will be added to the collection through fall 2014.  All content in this collection has been created under the direction of the Khan Academy and has been reviewed under the direction of the Association of American Medical Colleges (AAMC).  All materials are categorized according to the pre-health competencies tested by the MCAT\u00b2\u2070\u00b9\u2075 exam; however, the content in this collection is not intended to prescribe a program of study for the MCAT\u00b2\u2070\u00b9\u2075 exam. The content is also included in the Pre-health Collection within MedEdPORTAL\u2019s iCollaborative sponsored by the AAMC: www.mededportal.org/pre-health\n\n*MCAT\u00ae is a program of the AAMC and related trademarks owned by the Association include Medical College Admission Test, MCAT, and MCAT\u00b2\u2070\u00b9\u2075.  For more information about the MCAT exam visit : www.aamc.org/mcat2015", "x_pos": 0, "node_slug": "mcat", "title": "MCAT", "y_pos": 0, "contains": ["Topic", "Video", "Exercise"], "render_type": "Subject", "kind": "Topic", "id": "mcat", "parent_id": "test-prep", "topic_page_url": "/test-prep/mcat", "path": "khan/test-prep/mcat/", "extended_slug": "test-prep/mcat", "in_knowledge_map": false}, {"icon_src": "", "ancestor_ids": ["root", "test-prep"], "slug": "nclex-rn", "child_data": [{"kind": "Topic", "id": "xe1d768d0"}, {"kind": "Topic", "id": "x23896294"}, {"kind": "Topic", "id": "xee2cdbc6"}, {"kind": "Topic", "id": "x2169aaf4"}, {"kind": "Topic", "id": "x5c6eec6c"}, {"kind": "Topic", "id": "xcd876c69"}, {"kind": "Topic", "id": "x1b75a26c"}, {"kind": "Topic", "id": "x27c57698"}, {"kind": "Topic", "id": "x0387b39d"}, {"kind": "Topic", "id": "x53dd26d4"}, {"kind": "Topic", "id": "x171f3f90"}, {"kind": "Topic", "id": "xc71f254f"}, {"kind": "Topic", "id": "x34eebc2e"}, {"kind": "Topic", "id": "x6aba066e"}], "hide": false, "description": "This content has been developed to support nursing students preparing for the National Council Licensing Examination for Registered Nurses (NCLEX-RN). Videos and questions will be added to this collection throughout the summer and fall of 2014. All of this content has been created under the direction of Khan Academy and has been reviewed under the direction of the the American Association of Colleges of Nursing (AACN). This content is intended to be a supplemental resource for nursing graduates, not a program of study for the NCLEX-RN exam. The NCLEX-RN is administered by the National Council of State Boards of Nursing (NCSBN). For more information on the NCLEX-RN, visit: https://www.ncsbn.org/nclex.htm ", "x_pos": 0, "node_slug": "NCLEX-RN", "title": "NCLEX-RN", "y_pos": 0, "contains": ["Topic", "Video", "Exercise"], "render_type": "Subject", "kind": "Topic", "id": "NCLEX-RN", "parent_id": "test-prep", "topic_page_url": "/test-prep/NCLEX-RN", "path": "khan/test-prep/nclex-rn/", "extended_slug": "test-prep/NCLEX-RN", "in_knowledge_map": false}, {"icon_src": "", "ancestor_ids": ["root", "test-prep"], "slug": "gmat", "child_data": [{"kind": "Topic", "id": "x75c53e99"}, {"kind": "Topic", "id": "x2f623f20"}], "hide": false, "description": "Sal works through problems in the 11th edition of the official GMAC GMAT Review (ISBN Number: 0-9765709-0-4 published in 2005).  You should take the practice tests on your own, grade them and then use these videos to understand the problems you didn't get or to review. Have fun!", "x_pos": 0, "node_slug": "gmat", "title": "GMAT", "y_pos": 0, "contains": ["Topic", "Video"], "render_type": "Subject", "kind": "Topic", "id": "gmat", "parent_id": "test-prep", "topic_page_url": "/test-prep/gmat", "path": "khan/test-prep/gmat/", "extended_slug": "test-prep/gmat", "in_knowledge_map": false}, {"icon_src": "", "ancestor_ids": ["root", "test-prep"], "slug": "cahsee-subject", "child_data": [{"kind": "Topic", "id": "x2e5e6cb0"}], "hide": false, "description": "", "x_pos": 0, "node_slug": "cahsee-subject", "title": "CAHSEE", "y_pos": 0, "contains": ["Topic", "Video"], "render_type": "Subject", "kind": "Topic", "id": "cahsee-subject", "parent_id": "test-prep", "topic_page_url": "/test-prep/cahsee-subject", "path": "khan/test-prep/cahsee-subject/", "extended_slug": "test-prep/cahsee-subject", "in_knowledge_map": false}, {"icon_src": "", "ancestor_ids": ["root", "test-prep"], "slug": "iit-jee-subject", "child_data": [{"kind": "Topic", "id": "x859feb00"}], "hide": false, "description": "", "x_pos": 0, "node_slug": "iit-jee-subject", "title": "IIT JEE", "y_pos": 0, "contains": ["Topic", "Video"], "render_type": "Subject", "kind": "Topic", "id": "iit-jee-subject", "parent_id": "test-prep", "topic_page_url": "/test-prep/iit-jee-subject", "path": "khan/test-prep/iit-jee-subject/", "extended_slug": "test-prep/iit-jee-subject", "in_knowledge_map": false}, {"icon_src": "", "ancestor_ids": ["root", "test-prep"], "slug": "ap-art-history", "child_data": [{"kind": "Topic", "id": "x326aca69"}, {"kind": "Topic", "id": "xa07f1ce5"}, {"kind": "Topic", "id": "x57bf6074"}, {"kind": "Topic", "id": "xaf3fc449"}, {"kind": "Topic", "id": "xf96163db"}, {"kind": "Topic", "id": "xa4f55a39"}, {"kind": "Topic", "id": "x877a389d"}, {"kind": "Topic", "id": "x1c4e7cdf"}, {"kind": "Topic", "id": "xd45acdc9"}, {"kind": "Topic", "id": "x5476fd9b"}, {"kind": "Topic", "id": "xbcc679f6"}, {"kind": "Topic", "id": "x764ca8f2"}], "hide": false, "description": "Note: New materials are being added regularly. \n\nThe College Board announced that the art history exam and course will change in 2015. Khan Academy is working to include each of 250 works of art covered on the new test. The test also assesses a student\u2019s understanding of the methods used by art historians and familiarity with the cultural context in which a work of art was made and understood. Khan Academy\u2019s art history content is designed to teach these skills and to make the art engaging and accessible (and it\u2019s completely free!). Currently, more than 50% of the 250 monuments listed are included. We are working to cover the remaining content before the 2015/16 course begins. We will be adding quizzes at the end of each section to reinforce what you have learned and so that you can assess your understanding of the material. ", "x_pos": 0, "node_slug": "ap-art-history", "title": "AP Art History", "y_pos": 0, "contains": ["Topic", "Video", "Exercise"], "render_type": "Subject", "kind": "Topic", "id": "ap-art-history", "parent_id": "test-prep", "topic_page_url": "/test-prep/ap-art-history", "path": "khan/test-prep/ap-art-history/", "extended_slug": "test-prep/ap-art-history", "in_knowledge_map": false}], "y_pos": 0}, {"icon_src": "", "ancestor_ids": ["root"], "kind": "Topic", "contains": ["Topic", "Video", "Exercise"], "hide": false, "description": "", "x_pos": 0, "node_slug": "partner-content", "title": "Partner content", "child_data": [{"kind": "Topic", "id": "xebf99b63"}, {"kind": "Topic", "id": "x0d6c5f5b"}, {"kind": "Topic", "id": "xeb48c24e"}, {"kind": "Topic", "id": "xd45c6cf9"}, {"kind": "Topic", "id": "xd9c94318"}, {"kind": "Topic", "id": "x41337c2e"}, {"kind": "Topic", "id": "x1dd6613c"}, {"kind": "Topic", "id": "xc4e9b2d5"}, {"kind": "Topic", "id": "x5ed1079b"}, {"kind": "Topic", "id": "x0540a26a"}, {"kind": "Topic", "id": "xbb5b204c"}, {"kind": "Topic", "id": "xf3c15d4e"}, {"kind": "Topic", "id": "xc579d153"}, {"kind": "Topic", "id": "xa24e7409"}, {"kind": "Topic", "id": "x9efc9f4b"}, {"kind": "Topic", "id": "xcde1a05f"}, {"kind": "Topic", "id": "x1b441846"}, {"kind": "Topic", "id": "x6aa3b8f3"}, {"kind": "Topic", "id": "x5d2ce072"}, {"kind": "Topic", "id": "x5f3ad844"}, {"kind": "Topic", "id": "xc737de2f"}, {"kind": "Topic", "id": "xd226e27a"}, {"kind": "Topic", "id": "x4c0cffdd"}, {"kind": "Topic", "id": "x81a3add8"}], "render_type": "Domain", "slug": "partner-content", "parent_id": "root", "path": "khan/partner-content/", "id": "partner-content", "topic_page_url": null, "extended_slug": "partner-content", "in_knowledge_map": false, "children": [{"icon_src": "", "ancestor_ids": ["root", "partner-content"], "slug": "tate", "child_data": [{"kind": "Topic", "id": "xd1387dd7"}, {"kind": "Topic", "id": "x9312e206"}, {"kind": "Topic", "id": "x68af9225"}, {"kind": "Topic", "id": "x157d64bb"}], "hide": false, "description": "Tate holds the United Kingdom's national collection of British art from 1500 to the present day alongside international modern and contemporary art. Through imaginative education and interpretation programmes we aim to promote public understanding and enjoyment of art. Here you can explore the subject and learn from artists, curators, critics and writers.", "x_pos": 0, "node_slug": "tate", "title": "Tate", "y_pos": 0, "contains": ["Topic", "Video", "Exercise"], "render_type": "Subject", "kind": "Topic", "id": "tate", "parent_id": "partner-content", "topic_page_url": "/partner-content/tate", "path": "khan/partner-content/tate/", "extended_slug": "partner-content/tate", "in_knowledge_map": false}, {"icon_src": "", "ancestor_ids": ["root", "partner-content"], "slug": "british-museum", "child_data": [{"kind": "Topic", "id": "x0b70b04c"}, {"kind": "Topic", "id": "xa4ee1a96"}, {"kind": "Topic", "id": "x322577ec"}, {"kind": "Topic", "id": "xc8591bb1"}, {"kind": "Topic", "id": "x2ad6fcf6"}, {"kind": "Topic", "id": "xa4d2567e"}, {"kind": "Topic", "id": "xa3276711"}], "hide": false, "description": "The British Museum was founded in 1753, the first national public museum in the world. When the doors opened to the public in 1759, each day about 75 people made their way round. In 2013, annual visits rose to 6.7 million. Through Khan Academy, you can explore world cultures through articles and videos about the British Museum\u2019s collection and special exhibitions.", "x_pos": 0, "node_slug": "british-museum", "title": "The British Museum", "y_pos": 0, "contains": ["Topic", "Video"], "render_type": "Subject", "kind": "Topic", "id": "british-museum", "parent_id": "partner-content", "topic_page_url": "/partner-content/british-museum", "path": "khan/partner-content/british-museum/", "extended_slug": "partner-content/british-museum", "in_knowledge_map": false}, {"icon_src": "", "ancestor_ids": ["root", "partner-content"], "slug": "cas-biodiversity", "child_data": [{"kind": "Topic", "id": "xb91c1e3a"}, {"kind": "Topic", "id": "x345d2860"}, {"kind": "Topic", "id": "xb1fc9124"}, {"kind": "Topic", "id": "x0066ce37"}, {"kind": "Topic", "id": "x8e37066c"}, {"kind": "Topic", "id": "x2a64372c"}], "hide": false, "description": "The California Academy of Sciences is a renowned scientific and educational institution dedicated \u0003to exploring and explaining the natural world and addressing the challenge of sustainability.", "x_pos": 0, "node_slug": "CAS-biodiversity", "title": "California Academy of Sciences", "y_pos": 0, "contains": ["Topic", "Video", "Exercise"], "render_type": "Subject", "kind": "Topic", "id": "CAS-biodiversity", "parent_id": "partner-content", "topic_page_url": "/partner-content/CAS-biodiversity", "path": "khan/partner-content/cas-biodiversity/", "extended_slug": "partner-content/CAS-biodiversity", "in_knowledge_map": false}, {"icon_src": "", "ancestor_ids": ["root", "partner-content"], "slug": "exploratorium", "child_data": [{"kind": "Topic", "id": "xec3d19ee"}, {"kind": "Topic", "id": "xf0eac077"}, {"kind": "Topic", "id": "x94823f9c"}], "hide": false, "description": "The Exploratorium is a 21st-century learning laboratory and museum based in San Francisco. For more than forty years, we\u2019ve built creative, thought-provoking exhibits, tools, programs, and experiences that ignite curiosity, encourage exploration, and lead to profound learning. The science \"snacks\" on this website are fun, hands-on activities developed and thoroughly tested by the Exploratorium Teacher Institute. Dive in and discover what we're all about!", "x_pos": 0, "node_slug": "Exploratorium", "title": "Exploratorium", "y_pos": 0, "contains": ["Topic", "Video"], "render_type": "Subject", "kind": "Topic", "id": "Exploratorium", "parent_id": "partner-content", "topic_page_url": "/partner-content/Exploratorium", "path": "khan/partner-content/exploratorium/", "extended_slug": "partner-content/Exploratorium", "in_knowledge_map": false}, {"icon_src": "", "ancestor_ids": ["root", "partner-content"], "slug": "amnh", "child_data": [{"kind": "Topic", "id": "xaf3aa5c0"}, {"kind": "Topic", "id": "x7fcf4c00"}], "hide": false, "description": "The American Museum of Natural History in New York City is one of the world's preeminent scientific, educational, and cultural institutions, drawing millions of visitors each year. Visit amnh.org for more information.", "x_pos": 0, "node_slug": "amnh", "title": "American Museum of Natural History", "y_pos": 0, "contains": ["Topic", "Video"], "render_type": "Subject", "kind": "Topic", "id": "amnh", "parent_id": "partner-content", "topic_page_url": "/partner-content/amnh", "path": "khan/partner-content/amnh/", "extended_slug": "partner-content/amnh", "in_knowledge_map": false}, {"icon_src": "", "ancestor_ids": ["root", "partner-content"], "slug": "asian-art-museum", "child_data": [{"kind": "Topic", "id": "x18179c4e"}, {"kind": "Topic", "id": "xaac5ddc8"}, {"kind": "Topic", "id": "xbcc367dc"}, {"kind": "Topic", "id": "xfa922b28"}, {"kind": "Topic", "id": "xae82765b"}, {"kind": "Topic", "id": "x597e8289"}, {"kind": "Topic", "id": "x400c3ef3"}, {"kind": "Topic", "id": "x86184d00"}], "hide": false, "description": "The Asian Art Museum is one of the largest museums in the Western world devoted exclusively to Asian art and culture. Home to more than 18,000 works of art from over 40 Asian countries, we strive to be a catalyst for discovery, dialogue, and inspiration. With Asia as our lens and art as our cornerstone, we spark connections across cultures and through time, igniting curiosity, conversation, and creativity.", "x_pos": 0, "node_slug": "asian-art-museum", "title": "Asian Art Museum", "y_pos": 0, "contains": ["Topic", "Video"], "render_type": "Subject", "kind": "Topic", "id": "asian-art-museum", "parent_id": "partner-content", "topic_page_url": "/partner-content/asian-art-museum", "path": "khan/partner-content/asian-art-museum/", "extended_slug": "partner-content/asian-art-museum", "in_knowledge_map": false}, {"icon_src": "", "ancestor_ids": ["root", "partner-content"], "slug": "all-star-orchestra", "child_data": [{"kind": "Topic", "id": "xbd7689b7"}, {"kind": "Topic", "id": "x7470afac"}, {"kind": "Topic", "id": "xe6ddfd4a"}], "hide": false, "description": "The All-Star Orchestra encourages greater appreciation of classical music as a living tradition. Top orchestral players from across the United States meet once-a-year in New York to record masterpieces and new works with Music Director Gerard Schwarz. Come behind the scenes, meet the musicians, attend an open rehearsal, gain a conductor's perspective, and have a first-person encounter with the music.", "x_pos": 0, "node_slug": "all-star-orchestra", "title": "All-Star Orchestra", "y_pos": 0, "contains": ["Topic", "Video"], "render_type": "Subject", "kind": "Topic", "id": "all-star-orchestra", "parent_id": "partner-content", "topic_page_url": "/partner-content/all-star-orchestra", "path": "khan/partner-content/all-star-orchestra/", "extended_slug": "partner-content/all-star-orchestra", "in_knowledge_map": false}, {"icon_src": "", "ancestor_ids": ["root", "partner-content"], "slug": "lebron-asks-subject", "child_data": [{"kind": "Topic", "id": "xe9b9297e"}], "hide": false, "description": "LeBron James asks questions about math and science, and we answer!", "x_pos": 0, "node_slug": "lebron-asks-subject", "title": "LeBron asks", "y_pos": 0, "contains": ["Topic", "Video"], "render_type": "Subject", "kind": "Topic", "id": "lebron-asks-subject", "parent_id": "partner-content", "topic_page_url": "/partner-content/lebron-asks-subject", "path": "khan/partner-content/lebron-asks-subject/", "extended_slug": "partner-content/lebron-asks-subject", "in_knowledge_map": false}, {"icon_src": "", "ancestor_ids": ["root", "partner-content"], "slug": "brookings-institution", "child_data": [{"kind": "Topic", "id": "x30cf2035"}], "hide": false, "description": "Designed for clinicians as well as the general public, these engaging tutorials provide an overview of the U.S. health care system and payment and delivery reform efforts at the federal, state, and local levels. Created by the Merkin Initiative at The Brookings Institution and presented by Khan Academy, the content covers an introduction to health care costs, Medicare, Medicaid, prescription drug coverage, and more.", "x_pos": 0, "node_slug": "brookings-institution", "title": "The Brookings Institution", "y_pos": 0, "contains": ["Topic", "Video", "Exercise"], "render_type": "Subject", "kind": "Topic", "id": "brookings-institution", "parent_id": "partner-content", "topic_page_url": "/partner-content/brookings-institution", "path": "khan/partner-content/brookings-institution/", "extended_slug": "partner-content/brookings-institution", "in_knowledge_map": false}, {"icon_src": "", "ancestor_ids": ["root", "partner-content"], "slug": "aspeninstitute", "child_data": [{"kind": "Topic", "id": "x31702dce"}, {"kind": "Topic", "id": "x71b849d4"}, {"kind": "Topic", "id": "x95ab1a34"}, {"kind": "Topic", "id": "xc5d7543c"}], "hide": false, "description": "The Aspen Institute is an educational and policy studies organization. Its mission is to foster leadership based on enduring values and to provide a nonpartisan venue for dealing with critical issues. The Aspen Institute and Khan Academy partnership is made possible with the support of the Kimsey Foundation.", "x_pos": 0, "node_slug": "aspeninstitute", "title": "The Aspen Institute", "y_pos": 0, "contains": ["Topic", "Video", "Exercise"], "render_type": "Subject", "kind": "Topic", "id": "aspeninstitute", "parent_id": "partner-content", "topic_page_url": "/partner-content/aspeninstitute", "path": "khan/partner-content/aspeninstitute/", "extended_slug": "partner-content/aspeninstitute", "in_knowledge_map": false}, {"icon_src": "", "ancestor_ids": ["root", "partner-content"], "slug": "nasa", "child_data": [{"kind": "Topic", "id": "x7d2d01e6"}, {"kind": "Topic", "id": "x0b57fb25"}, {"kind": "Topic", "id": "xabe6c929"}], "hide": false, "description": "NASA's vision is to reach for new heights and reveal the unknown so that what we do and learn will benefit all humankind.\n\nThis section contains a series of tutorials on astronomy and space exploration developed in collaboration with NASA", "x_pos": 0, "node_slug": "nasa", "title": "NASA", "y_pos": 0, "contains": ["Topic", "Video", "Exercise"], "render_type": "Subject", "kind": "Topic", "id": "nasa", "parent_id": "partner-content", "topic_page_url": "/partner-content/nasa", "path": "khan/partner-content/nasa/", "extended_slug": "partner-content/nasa", "in_knowledge_map": false}, {"icon_src": "", "ancestor_ids": ["root", "partner-content"], "slug": "big-history-project", "child_data": [{"kind": "Topic", "id": "x47bc45b2"}, {"kind": "Topic", "id": "xe686c27d"}, {"kind": "Topic", "id": "x6114fb45"}, {"kind": "Topic", "id": "x3aa9f4db"}, {"kind": "Topic", "id": "x49c98871"}, {"kind": "Topic", "id": "xca3e2cda"}, {"kind": "Topic", "id": "x1ec9eb67"}, {"kind": "Topic", "id": "x739200d9"}, {"kind": "Topic", "id": "x9f355a55"}, {"kind": "Topic", "id": "x1f88e232"}], "hide": false, "description": "Journey through nearly 14 billion years of history with the Big History Project, now available on Khan Academy. This course asks the big questions about our Universe, our planet, life and humanity. Examine our shared history across scales and disciplines. From the Big Bang to our still expanding universe, this course, created and maintained by the Big History Project, will lead you on a journey of astounding connections and exciting discoveries. ", "x_pos": 0, "node_slug": "big-history-project", "title": "Big History Project", "y_pos": 0, "contains": ["Topic", "Video", "Exercise"], "render_type": "Subject", "kind": "Topic", "id": "big-history-project", "parent_id": "partner-content", "topic_page_url": "/partner-content/big-history-project", "path": "khan/partner-content/big-history-project/", "extended_slug": "partner-content/big-history-project", "in_knowledge_map": false}, {"icon_src": "", "ancestor_ids": ["root", "partner-content"], "slug": "wi-phi", "child_data": [{"kind": "Topic", "id": "x7fea00e6"}, {"kind": "Topic", "id": "xa1cdad6c"}, {"kind": "Topic", "id": "x9cb8b3f2"}, {"kind": "Topic", "id": "x62305d97"}], "hide": false, "description": "Wi-Phi's mission is to introduce people to the practice of philosophy by offering lectures on philosophical issues and critical thinking concepts that are freely available in a form that is entertaining, interesting and accessible to people with no background in the subject.\n\nWe see this as a part of a larger mission: building our collective capacity to engage in rational thought and discourse. \u00a0By providing the toolkit for building better minds, we hope that Wi-Phi plays some small role in realizing that goal.", "x_pos": 0, "node_slug": "wi-phi", "title": "Wi-Phi (Wireless Philosophy)", "y_pos": 0, "contains": ["Topic", "Video", "Exercise"], "render_type": "Subject", "kind": "Topic", "id": "wi-phi", "parent_id": "partner-content", "topic_page_url": "/partner-content/wi-phi", "path": "khan/partner-content/wi-phi/", "extended_slug": "partner-content/wi-phi", "in_knowledge_map": false}, {"icon_src": "", "ancestor_ids": ["root", "partner-content"], "slug": "ssf-cci", "child_data": [{"kind": "Topic", "id": "xaec41c35"}, {"kind": "Topic", "id": "x3a3b856f"}, {"kind": "Topic", "id": "xa083f428"}, {"kind": "Topic", "id": "x2ed793c5"}, {"kind": "Topic", "id": "x120a3000"}], "hide": false, "description": "Silicon Schools Fund and the Clayton Christensen Institute have teamed up to provide insight and guidance on delivering high-quality blended learning.  Learn more about how to personalize K-12 education for all students by combining the best of traditional schools with the transformative power of online learning.", "x_pos": 0, "node_slug": "ssf-cci", "title": "Silicon Schools Fund and Clayton Christensen Institute", "y_pos": 0, "contains": ["Topic", "Video"], "render_type": "Subject", "kind": "Topic", "id": "ssf-cci", "parent_id": "partner-content", "topic_page_url": "/partner-content/ssf-cci", "path": "khan/partner-content/ssf-cci/", "extended_slug": "partner-content/ssf-cci", "in_knowledge_map": false}], "y_pos": 0}]